herb_name,english_name,botanical_name,sanskrit_name,parts_used,benefits,how_to_use,hair_types,conditions,main_indications,dosha_effects,active_compounds,match_score
Bhringraj,False Daisy,Eclipta alba,"Keshraja, Markava, Bhringaja",Panchanga,"Promotes hair growth, prevents premature greying, strengthens roots, reduces hair fall, improves hair thickness","Apply Bhringraj oil to scalp and massage gently. Leave for 30-60 minutes before washing with mild shampoo. Use 2-3 times weekly.","All,Curly,Coily,Wavy,Straight","Hair Growth,Hair Fall,Premature Greying,Dry Hair,Thinning Hair","Khalitya, Palitya, Kamala, Pandu, Yakrit Vikara","Vata, Pitta","Wedelolactone, Flavonoids, Triterpenoids",12
Amla,Indian Gooseberry,Emblica officinalis,Amalaki,Phala,"Rich in Vitamin C, strengthens follicles, reduces hair fall, prevents greying, adds shine, promotes growth","Mix Amla powder with water or coconut oil, apply to scalp and hair, leave for 20-30 minutes, rinse. Use weekly.","All,Dry,Oily,Straight,Wavy","Hair Growth,Hair Fall,Premature Greying,Dull Hair,Dry Hair","Amalaki Rasayana, Jwara, Netraroga, Keshya","Tridosha","Vitamin C, Tannins, Gallic acid, Ellagic acid",11
Neem,Indian Lilac,Azadirachta indica,Nimba,Patra,"Antibacterial, treats scalp infections, controls oil, reduces dandruff, soothes itchy scalp, promotes healthy scalp","Boil Neem leaves in water, cool, use as final hair rinse. Or mix powder with water for scalp treatment.","Oily,Normal,Straight,Wavy","Dandruff,Scalp Health,Itchy Scalp,Oily Scalp,Scalp Infections","Kushta, Krimi, Jwara, Kandu, Visarpa","Kapha, Pitta","Azadirachtin, Nimbin, Nimbolide, Quercetin",10
Hibiscus,Rose Mallow,Hibiscus rosa-sinensis,Japa,Pushpa,"Deep conditions, prevents split ends, adds shine, moisturizes dry hair, reduces frizz, promotes growth","Grind fresh flowers into paste, mix with coconut oil, apply as hair mask, leave for 30 minutes, wash. Use weekly.","Dry,Curly,Coily,Wavy","Hair Growth,Dry Hair,Split Ends,Frizz,Hair Shine","Raktapitta, Pradara, Indralupta, Keshapata","Pitta, Kapha","Flavonoids, Anthocyanins, Organic acids",10
Ashwagandha,Winter Cherry,Withania somnifera,Ashwagandha,Moola,"Reduces stress-related hair fall, promotes growth, strengthens roots, improves hair density","Take powder with warm milk daily. Can mix with oil for scalp massage.","All,Dry,Normal","Hair Growth,Hair Fall,Thinning Hair,Stress Hair Loss","Vata Vyadhi, Kshaya, Daurbalya, Mamsa Kshaya","Vata, Kapha","Withanolides, Withaferin A, Alkaloids",10
Jatamansi,Spikenard,Nardostachys jatamansi,Jatamansi,Moola,"Soothes scalp, reduces dandruff, promotes thick hair, calms itchy scalp, prevents greying","Mix powder with water or coconut oil, apply to scalp, leave for 20-30 minutes, rinse.","Wavy,Curly,Coily,Dry","Hair Growth,Dandruff,Itchy Scalp,Dry Hair,Premature Greying","Apasmara, Unmada, Manasavikara, Vata Vyadhi","Vata, Kapha","Jatamansone, Sesquiterpenes, Valeranone",9
Brahmi,Water Hyssop,Bacopa monnieri,Brahmi,Panchanga,"Promotes hair growth, strengthens roots, reduces hair fall, improves texture, reduces stress-related loss","Mix powder with coconut oil, apply to scalp, massage, leave for 30 minutes, wash.","All,Dry,Normal","Hair Growth,Hair Fall,Thinning Hair,Stress Hair Loss","Smriti Nasha, Vata Vyadhi, Hridya, Medha","Vata, Kapha","Bacosides, Alkaloids, Saponins",9
Fenugreek,Methi,Trigonella foenum-graecum,Methika,Bija,"Strengthens hair, reduces hair fall, adds shine, conditions dry hair, promotes growth","Soak seeds overnight, grind into paste, apply to hair, leave for 30 minutes, wash.","Dry,Straight,Wavy,Curly","Hair Growth,Dry Hair,Hair Fall,Split Ends","Agnimandya, Mandagni, Daurbalya, Vata Vyadhi","Vata, Kapha","Mucilage, Diosgenin, Saponins",9
Aloe Vera,Aloe,Aloe barbadensis,Kumari,Patra,"Soothes scalp, promotes growth, conditions hair, reduces dandruff, moisturizes dry scalp","Apply fresh gel directly to scalp and hair, leave for 30 minutes, rinse. Use 2-3 times weekly.","All,Dry,Curly,Coily","Hair Growth,Dandruff,Dry Hair,Scalp Health,Itchy Scalp","Kushta, Kandu, Raktapitta, Vrana","Pitta, Kapha","Aloin, Emodin, Anthraquinones, Polysaccharides",9
Shikakai,Acacia,Acacia concinna,Shikakai,Phala,"Natural cleanser, adds volume, reduces dandruff, strengthens hair, controls oil","Mix powder with water to make paste, use as natural shampoo. Can mix with Amla and Reetha.","Oily,Normal,Wavy,Straight","Hair Growth,Dandruff,Oily Scalp,Dull Hair,Hair Fall","Keshya, Kandu, Krimi, Daurbalya","Kapha, Vata","Saponins, Flavonoids, Glycosides",9
Rosemary,Rosemary,Rosmarinus officinalis,Rudra,Patra,"Promotes blood circulation, stimulates growth, strengthens roots, prevents greying","Add essential oil to carrier oil, massage into scalp. Use 2-3 times weekly.","All,Oily,Normal","Hair Growth,Hair Fall,Premature Greying,Dandruff","Shiro Roga, Manasika Roga","Vata, Kapha","Carnosol, Rosmarinic acid, Ursolic acid",8
Sage,Garden Sage,Salvia officinalis,Sage,Patra,"Darkens hair naturally, covers greys, strengthens hair, adds shine, promotes healthy scalp","Make tea with leaves, cool, use as final hair rinse after shampooing.","Oily,Dark hair,Normal","Hair Growth,Premature Greying,Dull Hair,Oily Scalp","Keshya, Palitya, Varnya","Kapha, Vata","Rosmarinic acid, Salvianolic acid, Flavonoids",8
Reetha,Soapberry,Sapindus mukorossi,Reetha,Phala,"Natural cleanser, adds volume, controls oil, promotes shine, removes buildup","Soak pods overnight, mash to create foam, use as natural shampoo.","Oily,Normal,Straight,Wavy","Hair Growth,Oily Scalp,Dull Hair,Dandruff","Keshya, Kandu, Krimi","Kapha, Vata","Saponins, Glycosides, Flavonoids",8
Moringa,Drumstick,Moringa oleifera,Shigru,Patra,"Rich in nutrients, promotes growth, strengthens roots, prevents hair fall, adds shine","Mix powder with water or oil, apply to scalp and hair, leave for 20-30 minutes, rinse.","All,Dry,Oily,Normal","Hair Growth,Hair Fall,Dry Hair,Dull Hair","Vata Roga, Shiro Roga, Keshya","Vata, Kapha","Vitamins A, C, E, Flavonoids, Phenolic acids",8
Coconut,Coconut Tree,Cocos nucifera,Narikela,Phala,"Deep moisturizes, prevents protein loss, reduces frizz, conditions dry hair, prevents split ends","Warm oil, apply to hair and scalp, massage, leave for 30-60 minutes or overnight, wash.","All,Dry,Curly,Coily,Wavy","Hair Growth,Dry Hair,Frizz,Split Ends,Dull Hair","Vata Roga, Daurbalya, Keshya","Vata, Kapha","Lauric acid, Caprylic acid, MCTs",8
Vetiver,Khus Khus,Chrysopogon zizanioides,Usira,Moola,"Cools scalp, reduces inflammation, promotes growth, conditions hair, adds natural fragrance","Mix powder with water or coconut oil, apply to scalp, leave for 20-30 minutes, rinse.","Dry,Oily,Normal","Hair Growth,Dry Hair,Oily Scalp,Scalp Health","Raktapitta, Jwara, Trishna, Daha","Pitta, Kapha","Vetiverol, Vetivone, Sesquiterpenes",7
Clove,Clove,Syzygium aromaticum,Lavanga,Pushpa,"Stimulates growth, reduces hair fall, prevents infections, adds shine, strengthens roots","Add oil to carrier oil, massage into scalp, leave for 30 minutes, wash.","All,Oily,Normal","Hair Growth,Hair Fall,Scalp Health,Dandruff","Krimi Roga, Shwasa, Kasa, Keshya","Kapha, Vata","Eugenol, Acetyleugenol, Flavonoids",7
Cinnamon,Cinnamon,Cinnamomum verum,Dalchini,Twak,"Promotes blood circulation, stimulates growth, reduces hair fall, adds volume","Add powder to hair oil, massage into scalp, leave for 30 minutes, wash.","All,Normal,Oily","Hair Growth,Hair Fall,Thinning Hair","Agnimandya, Mandagni, Keshya","Vata, Kapha","Cinnamaldehyde, Eugenol, Tannins",7
Guduchi,Heart-leaved Moonseed,Tinospora cordifolia,Guduchi,Kanda,"Balances scalp oils, reduces inflammation, promotes growth, strengthens roots","Mix powder with honey or water, apply as scalp treatment, leave for 20 minutes, rinse.","Oily,Dry,Wavy,Normal","Hair Growth,Oily Scalp,Dry Hair,Scalp Health","Jwara, Amavata, Pandu, Kushtha","Tridosha","Tinosporine, Berberine, Giloin",7
Curry Leaves,Curry Tree,Murraya koenigii,Kariveppu,Patra,"Prevents greying, promotes growth, strengthens roots, adds shine, reduces hair fall","Boil leaves in coconut oil, cool, apply to scalp, massage, leave for 30 minutes.","All","Hair Growth,Hair Fall,Premature Greying,Dull Hair","Keshya, Palitya, Varnya","Kapha, Vata","Carbazole alkaloids, Minerals, Vitamins",7
Henna,Henna Plant,Lawsonia inermis,Mendhi,Patra,"Conditions hair, adds shine, covers greys, strengthens hair, reduces dandruff","Mix powder with water, apply to hair, leave for 1-2 hours, wash.","All","Hair Growth,Premature Greying,Dandruff,Dull Hair","Keshya, Palitya, Varnya, Kandu","Pitta, Kapha","Lawsone, Tannins, Flavonoids",7
Sesame,Sesame,Sesamum indicum,Tila,Bija,"Nourishes scalp, prevents greying, promotes growth, adds shine, strengthens roots","Warm oil, massage into scalp, leave for 30-60 minutes, wash.","All,Dry,Oily","Hair Growth,Premature Greying,Dry Hair,Dull Hair","Vata Vyadhi, Kshaya, Daurbalya, Khalitya","Vata","Sesamin, Sesamolin, Fatty acids",7
Castor,Castor Oil Plant,Ricinus communis,Eranda,Bija,"Promotes growth, thickens hair, conditions, prevents split ends, adds shine","Apply castor oil to scalp and hair, massage, leave overnight, wash.","All","Hair Growth,Thinning Hair,Dry Hair,Split Ends","Vata Vyadhi, Shula, Keshya","Vata, Kapha","Ricinoleic acid, Fatty acids",7
Almond,Almond Tree,Prunus dulcis,Badara,Phala,"Nourishes scalp, promotes growth, adds shine, softens hair, prevents breakage","Warm almond oil, massage into scalp, leave overnight, wash.","All,Dry","Hair Growth,Dry Hair,Split Ends,Frizz","Vata Vyadhi, Daurbalya, Keshya","Vata","Vitamin E, Fatty acids, Oleic acid",6
Olive,Olive Tree,Olea europaea,Jaituna,Phala,"Moisturizes, conditions, adds shine, reduces frizz, prevents split ends","Warm oil, apply to hair and scalp, massage, leave for 30-60 minutes, wash.","All,Dry,Curly,Coily","Hair Growth,Dry Hair,Frizz,Split Ends","Vata Vyadhi, Keshya, Daurbalya","Vata, Kapha","Oleic acid, Polyphenols, Vitamin E",6
Jojoba,Jojoba,Simmondsia chinensis,Jojoba,Bija,"Balances scalp oils, conditions, adds shine, controls dandruff, moisturizes","Apply jojoba oil to scalp and hair, massage, leave for 30 minutes, wash.","All,Oily,Dry","Hair Growth,Oily Scalp,Dandruff,Dry Hair","Vata Vyadhi, Keshya, Kandu","Vata, Kapha","Eicosenoic acid, Docosenoic acid",6
Argan,Argan Tree,Argania spinosa,Argan,Phala,"Deep conditions, adds shine, reduces frizz, strengthens hair, prevents breakage","Apply argan oil to hair, leave for 30 minutes, wash. Can also use as leave-in.","All,Dry,Curly,Coily","Hair Growth,Dry Hair,Frizz,Split Ends","Vata Vyadhi, Keshya, Daurbalya","Vata","Vitamin E, Fatty acids, Polyphenols",6
Avocado,Avocado,Persea americana,Avocado,Phala,"Deep conditions, moisturizes, adds shine, strengthens hair, prevents breakage","Mash avocado, apply to hair, leave for 30 minutes, wash.","All,Dry,Curly,Coily","Hair Growth,Dry Hair,Frizz,Split Ends","Vata Vyadhi, Keshya, Daurbalya","Vata","Vitamin E, Oleic acid, Biotin",6
Banana,Banana,Musa paradisiaca,Kadali,Phala,"Conditions, adds shine, softens hair, prevents breakage, moisturizes","Mash banana, apply to hair, leave for 20-30 minutes, wash.","All,Dry","Hair Growth,Dry Hair,Frizz,Split Ends","Vata Vyadhi, Keshya","Vata, Kapha","Vitamins, Potassium, Tannins",5
Onion,Onion,Allium cepa,Palandu,Kanda,"Promotes growth, reduces hair fall, prevents greying, strengthens roots","Extract juice, apply to scalp, leave for 30 minutes, wash.","All","Hair Growth,Hair Fall,Premature Greying,Thinning Hair","Keshya, Khalitya, Palitya","Vata, Kapha","Sulfur compounds, Quercetin",6
Garlic,Garlic,Allium sativum,Lashuna,Kanda,"Promotes growth, reduces hair fall, prevents infections, strengthens roots","Mix crushed garlic with oil, apply to scalp, leave for 30 minutes, wash.","All","Hair Growth,Hair Fall,Scalp Health","Krimi Roga, Keshya, Vata Vyadhi","Kapha, Vata","Allicin, Sulfur compounds",5
Ginger,Ginger,Zingiber officinale,Sunti,Kanda,"Promotes blood circulation, stimulates growth, reduces hair fall, strengthens roots","Mix ginger juice with oil, apply to scalp, leave for 30 minutes, wash.","All,Oily","Hair Growth,Hair Fall,Thinning Hair","Agnimandya, Shula, Keshya","Vata, Kapha","Gingerol, Shogaol, Zingerone",6
Turmeric,Curcuma,Curcuma longa,Haridra,Kanda,"Antibacterial, reduces scalp inflammation, promotes growth, adds shine","Mix powder with water or oil, apply to scalp, leave for 20-30 minutes, wash.","All,Oily","Hair Growth,Scalp Health,Dandruff,Scalp Infections","Kushta, Kandu, Vrana, Prameha","Tridosha","Curcumin, Essential oils",6
Peppermint,Peppermint,Mentha piperita,Pudina,Patra,"Promotes blood circulation, stimulates growth, cools scalp, reduces dandruff","Add oil to carrier oil, massage into scalp, leave for 30 minutes, wash.","All,Oily","Hair Growth,Dandruff,Scalp Health","Shiro Roga, Jwara, Keshya","Kapha, Vata","Menthol, Menthone, Rosmarinic acid",6
Lavender,Lavender,Lavandula angustifolia,Lavender,Pushpa,"Promotes growth, reduces stress, adds shine, conditions","Add oil to carrier oil, massage into scalp, leave for 30 minutes, wash.","All","Hair Growth,Stress Hair Loss,Dry Hair","Manasika Roga, Keshya, Nidra Nasha","Vata, Kapha","Linalool, Linalyl acetate, Camphor",6
Tea Tree,Tea Tree,Melaleuca alternifolia,Tea Tree,Patra,"Antibacterial, treats scalp infections, reduces dandruff, soothes itchy scalp","Add oil to carrier oil, massage into scalp, leave for 30 minutes, wash.","Oily,Normal","Hair Growth,Dandruff,Scalp Infections,Itchy Scalp","Krimi Roga, Kandu, Keshya","Kapha, Pitta","Terpinen-4-ol, Cineole, Alpha-terpineol",7
Lemon,Lemon,Citrus limon,Nimba,Phala,"Controls dandruff, adds shine, balances scalp oils, promotes healthy scalp","Mix lemon juice with water, use as rinse. Or mix with oil.","Oily,Normal","Hair Growth,Dandruff,Oily Scalp,Dull Hair","Kandu, Keshya, Varnya","Kapha, Pitta","Citric acid, Vitamin C, Flavonoids",6
Sandalwood,Sandalwood,Santalum album,Chandana,Patra,"Cools scalp, reduces inflammation, promotes growth, adds shine","Mix powder with water or oil, apply to scalp, leave for 30 minutes, wash.","All","Hair Growth,Scalp Health,Dry Hair","Raktapitta, Daha, Trishna, Keshya","Pitta, Kapha","Alpha-santalol, Beta-santalol",6
Ginseng,Panax Ginseng,Panax ginseng,Ginseng,Moola,"Stimulates growth, prevents hair fall, strengthens roots, promotes thickness","Take supplement orally or apply ginseng extract to scalp.","All","Hair Growth,Hair Fall,Thinning Hair","Vata Vyadhi, Daurbalya, Keshya","Vata, Kapha","Ginsenosides, Polysaccharides",6
Green Tea,Green Tea,Camellia sinensis,Green Tea,Patra,"Rich in antioxidants, promotes growth, reduces hair fall, conditions","Make tea, cool, use as final rinse. Or apply tea extract.","All","Hair Growth,Hair Fall,Dull Hair","Keshya, Varnya, Raktapitta","Pitta, Kapha","Epigallocatechin gallate, Tannins",6
Honey,Honey,Honey,-,Madhu,"Conditions, adds shine, moisturizes, strengthens","Mix honey with water or oil, apply to hair, leave for 30 minutes, wash.","All,Dry","Hair Growth,Dry Hair,Dull Hair,Frizz","Vrana, Keshya, Varnya","Tridosha","Enzymes, Antioxidants, Minerals",6
Apple Cider Vinegar,Apple Cider Vinegar,Apple Cider Vinegar,-,Phala,"Balances scalp pH, adds shine, reduces dandruff, conditions","Mix with water, use as final rinse after shampooing.","All","Hair Growth,Dandruff,Oily Scalp,Dull Hair","Kandu, Keshya, Varnya","Kapha, Pitta","Acetic acid, Enzymes, Minerals",6
Flaxseed,Flaxseed,Linum usitatissimum,-,Bija,"Rich in Omega-3, conditions, promotes growth, adds shine","Soak seeds, use gel on hair, leave for 30 minutes, wash.","All,Dry,Curly","Hair Growth,Dry Hair,Frizz,Dull Hair","Vata Vyadhi, Keshya","Vata","Omega-3, Lignans, Mucilage",6
Chamomile,Chamomile,Matricaria chamomilla,-,Pushpa,"Soothes scalp, promotes growth, adds shine, conditions","Make tea, cool, use as rinse. Or add oil to scalp.","All,Light hair","Hair Growth,Scalp Health,Dry Hair","Manasika Roga, Keshya, Nidra Nasha","Vata, Kapha","Chamazulene, Bisabolol, Flavonoids",5
Calendula,Calendula,Calendula officinalis,-,Pushpa,"Soothes scalp, promotes growth, conditions, adds shine","Make tea, cool, use as rinse. Or apply oil to scalp.","All,Dry","Hair Growth,Scalp Health,Dry Hair","Vrana, Keshya, Twak Roga","Pitta, Kapha","Flavonoids, Triterpenoids, Essential oils",5
Nettle,Nettle,Urtica dioica,-,Patra,"Rich in minerals, promotes growth, prevents hair fall, strengthens","Make tea, cool, use as rinse. Or apply extract to scalp.","All","Hair Growth,Hair Fall,Dull Hair","Raktapitta, Keshya, Varnya","Pitta, Kapha","Vitamins A, C, K, Minerals, Chlorophyll",5
Horsetail,Horsetail,Equisetum arvense,-,Panchanga,"Rich in Silica, strengthens, promotes growth, adds shine","Make tea, cool, use as rinse. Or add to oil.","All","Hair Growth,Hair Fall,Dull Hair","Vata Vyadhi, Keshya","Vata","Silica, Minerals, Flavonoids",5
Saw Palmetto,Saw Palmetto,Serenoa repens,-,Phala,"Blocks DHT, promotes growth, prevents hair fall","Take supplement or apply extract to scalp.","All","Hair Growth,Hair Fall,Thinning Hair","Vata Vyadhi, Keshya, Daurbalya","Vata, Kapha","Phytosterols, Fatty acids, Flavonoids",7
Pumpkin Seed,Pumpkin,Cucurbita pepo,-,Bija,"Blocks DHT, promotes growth, strengthens hair","Eat seeds daily or take supplement.","All","Hair Growth,Hair Fall,Thinning Hair","Vata Vyadhi, Keshya, Daurbalya","Vata, Kapha","Zinc, Phytosterols, Fatty acids",7
Patchouli,Patchouli,Pogostemon cablin,-,Patra,"Promotes growth, strengthens roots, adds shine, conditions","Add oil to carrier oil, massage into scalp, leave for 30 minutes, wash.","All,Dry","Hair Growth,Dry Hair,Frizz","Vata Vyadhi, Keshya","Vata","Patchoulol, Pogostol, Bulnesol",5
Ylang Ylang,Ylang Ylang,Cananga odorata,-,Pushpa,"Promotes growth, balances scalp oils, adds shine, conditions","Add oil to carrier oil, massage into scalp, leave for 30 minutes, wash.","All,Oily,Dry","Hair Growth,Oily Scalp,Dry Hair","Manasika Roga, Keshya","Vata, Kapha","Linalool, Geranyl acetate, Eugenol",5
Ginkgo Biloba,Ginkgo,Ginkgo biloba,-,Patra,"Improves blood circulation, stimulates growth, prevents hair fall","Take supplement or apply extract to scalp.","All","Hair Growth,Hair Fall,Thinning Hair","Vata Vyadhi, Keshya, Daurbalya","Vata, Kapha","Ginkgolides, Bilobalide, Flavonoids",6
Beetroot,Beetroot,Beta vulgaris,-,Moola,"Rich in nutrients, promotes growth, adds shine, strengthens","Extract juice, apply to scalp, leave for 30 minutes, wash.","All","Hair Growth,Dull Hair","Raktapitta, Keshya, Varnya","Pitta, Kapha","Vitamins, Minerals, Antioxidants",5
Carrot,Carrot,Daucus carota,-,Moola,"Rich in Vitamin A, promotes growth, adds shine, strengthens","Extract juice, apply to scalp, leave for 30 minutes, wash.","All","Hair Growth,Dull Hair","Keshya, Varnya, Netraroga","Pitta, Kapha","Beta-carotene, Vitamins",5
Spinach,Spinach,Spinacia oleracea,-,Patra,"Rich in Iron, promotes growth, strengthens roots, adds shine","Extract juice, apply to scalp, leave for 30 minutes, wash.","All","Hair Growth,Hair Fall,Dull Hair","Raktapitta, Keshya, Varnya","Pitta, Kapha","Iron, Vitamins A, C, K, Folic acid",5
Cucumber,Cucumber,Cucumis sativus,-,Phala,"Hydrates scalp, promotes growth, conditions, adds shine","Extract juice, apply to scalp, leave for 30 minutes, wash.","All,Dry","Hair Growth,Dry Hair,Dull Hair","Vata Vyadhi, Keshya","Vata, Kapha","Vitamins, Minerals, Silica",5
Pumpkin,Pumpkin,Cucurbita pepo,-,Phala,"Rich in Zinc, promotes growth, strengthens follicles","Extract juice, apply to scalp, leave for 30 minutes, wash.","All","Hair Growth,Thinning Hair","Vata Vyadhi, Keshya, Daurbalya","Vata, Kapha","Zinc, Vitamins, Fatty acids",5
Fennel,Fennel,Foeniculum vulgare,Mishreya,Bija,"Promotes growth, prevents hair fall, adds shine, conditions","Soak seeds in water overnight, use as rinse. Or mix powder with oil.","All","Hair Growth,Hair Fall,Dull Hair","Agnimandya, Keshya, Varnya","Vata, Kapha","Anethole, Fenchone, Minerals",5
Cumin,Cumin,Cuminum cyminum,Jira,Bija,"Nutrient-rich, promotes growth, strengthens roots, adds shine","Mix powder with oil, massage into scalp, leave for 30 minutes, wash.","All","Hair Growth,Dull Hair,Thinning Hair","Agnimandya, Keshya, Varnya","Vata, Kapha","Thymol, Cuminaldehyde, Minerals",5
Mustard,Mustard,Brassica juncea,Rajika,Bija,"Stimulates blood circulation, promotes growth, strengthens roots, reduces dandruff","Warm oil, massage into scalp, leave for 30 minutes, wash with mild shampoo.","All,Oily","Hair Growth,Dandruff,Thinning Hair","Vata Vyadhi, Keshya, Kandu","Vata, Kapha","Glucosinolates, Fatty acids",6